,2000,2001,2002,2003,2004,2005,2006,2007,2008,2009,2010,2011,2012,2013,2014,2015,2016,2017,2018,2019,2020,2021,2022
POPULATION,,,,,,,,,,,,,,,,,,,,,,,
Total populationa as of 1 July ('000),595.3,603,610.8,618.8,626.8,635,646.9,658.9,671.1,683.4,695.8,708.3,720.7,733,745.2,757,768.6,727.1,734.4,741.7,748.9,756.1,763.2
Population density (persons/km²),15,15,15,15,16,16,16,17,18,18,18,18,19,19,19,20,20,19,19,19,20,20,20
Population (% annual change),1.3,1.3,1.3,1.3,1.3,1.3,1.9,1.9,1.9,1.8,1.8,1.8,1.8,1.7,1.7,1.6,1.5,1.3,1,1,0.9,1,0.9
Urban populationb (% of total population),21,21,21,21,21,30.9,31.6,32.4,33.2,34,34.8,35.6,36.4,37.2,38.1,38.9,39.4,37.8,40.9,40.9,42.3,43,40.9
,,,,,,,,,,,,,,,,,,,,,,,
LABOR FORCEc calendar year ('000),…,232.2,…,227.2,216.5 |,256.9 |,229.8,284.7,…,325.6,331.9,334.2,336.4,345.8,348.7,353,354.7 |,340.2 |,310.9,319.8,331.2,338.4,306
Employed,…,227.7,…,222.3,210.5 |,249.0 |,222.1,274.1,…,312.7,320.9,323.7,329.5,335.9,339.6,344.3,347.1 |,332.1 |,300.4,311.1,314.6,322.1,287.8
"     Agriculture, forestry, and fishing",…,105.8,…,168.7,132.9 |,108.6 |,139.7,182.6,…,204.4,190.6,194.7,205,189.2,192.4,199.7,198.4 |,145.7 |,162.2,159,157,158.5,125.2
     Mining and quarryingd,…,0.9,…,0.6,– |,2.8 |,0.1,40,…,0.5,0.9,1.2,0.5,1.4,3.1,2,1.1 |,2.2 |,1.2,1.4,1.7,1.7,1.4
     Manufacturing,…,3.1,…,3.4,12.6 |,4.9 |,6.7,,…,14.7,12.4,16.9,16.5,20.6,23.9,22.3,19.8 |,13.6 |,19.8,23.3,24.7,21.9,19.6
"     Electricity, gas, steam, and air-conditioning supply; water supply;
           sewerage, waste management, and remediation activities",…,3.2,…,0.6,1.2 |,4.1 |,3.9,,…,3.5,5.2,7.2,6.5,4,3.1,2.7,4.6 |,14.1 |,4.7,4.5,4.3,4.1,4
     Construction,…,5.6,…,3,6.7 |,30.9 |,6,,…,1.4,2.7,4.5,5,10.7,6.7,6.2,9.1 |,36.2 |,13.6,18.9,16,22,18.4
"     Wholesale and retail trade; repair of motor vehicles and motorcyclese,f",…,25.3,…,7,4.9 |,6.7 |,9.9,51.5,…,0.2,30.7,27.8,12.5,25.9,26.4,26.8,26.7 |,18.4 |,21.7,23.2,25.2,27.6,27.2
     Transportation and storageg,…,3.4,…,0.2,2.7 |,8.1 |,4.8,,…,0.9,9.5,8.9,8.4,12.2,10.1,12.7,13.3 |,12.0 |,9.7,9.8,8.8,9.5,9.1
     Accommodation and food service activities,…,14.9,…,1.4,1.4 |,4.0 |,6.1,,…,2.8,4,6.1,6,10.5,9.7,8,9.2 |,11.3 |,8.2,8.4,10.5,8.7,9.6
     Information and communicationh,…,,…,,,,,,…,,,,,,,,,,2.6,2.7,2.7,1.9,2.7
     Financial and insurance activitiesi,…,2.1,…,0.2,2.4 |,2.3 |,1.3,,…,1,2.4,2.3,2.4,2.9,2.7,2.5,3.3 |,2.8 |,2.6,3,2.9,3.1,3.7
     Real estate activitiesj,…,12.7,…,0.9,9.9 |,,2.2,,…,0.8,13.3,8.4,2,4.1,4,3.2,2.0 |,,0.2,0.2,0.1,1.5,0.8
"     Othersk,l",…,50.8,…,36.3,35.8 |,76.6 |,41.4,,…,82.5,48.1,45.7,64.7,54.2,57.5,58.3,59.6 |,75.9 |,53.9,56.7,60.6,61.7,66.1
Underemployed,…,…,…,…,…,…,…,…,…,…,…,…,…,…,…,…,…,…,…,…,…,…,…
Unemployed,…,4.5,…,4,5.4 |,7.9 |,7.2,10.6,…,12.9,11,10.5,6.9,9.9,9.2,8.7,7.5 |,8.1 |,10.4,8.7,16.7,16.3,18.2
Unemployment rate (%),…,1.9,…,1.8,2.5 |,3.1 |,3.1,3.7,…,4,3.3,3.1,2.1,2.9,2.6,2.5,2.1 |,2.4 |,3.4,2.7,5,4.8,5.9
Labor force (% annual change),…,…,…,…,-4.7 |,18.7 |,-10.5,23.9,…,…,1.9,0.7,0.7,2.8,0.9,1.2,0.5 |,-4.1 |,-8.6,2.9,3.6,2.2,-9.6
Labor force participation rate (%),…,56.5,…,62.9,54.4 |,60.4 |,61.8,67.3,…,68.5,68.6,67.4,64.4,65.3,62.6,63.1,62.2 |,63.3 |,62.6,66.4,67.8,69.1,63.1
     Male,…,75.2,…,72.6,67.5 |,71.5 |,69.8,74.5,…,72.8,73.6,72.3,65.7,72.1,71,71.2,71.7 |,73.1 |,70.1,71.8,72.5,73.1,73.4
     Female,…,38.4,…,53.6,42.7 |,47.7 |,53.9,60.6,…,64.5,63.9,62.8,63.2,58.9,54.8,55.9,53.6 |,52.2 |,55.5,61.2,63.5,65.3,53.5
,,,,,,,,,,,,,,,,,,,,,,,
NATIONAL ACCOUNTS calendar year (Nu million) ,,,,,,,,,,,,,,,,,,,,,,,
At Current Prices,,,,,,,,,,,,,,,,,,,,,,,
GDP by industrial origin at current market prices,"19,075.40","21,775.60","25,318.50","28,136.30","30,932.00","35,145.00","39,643.20","48,307.80","53,416.10","59,732.90","70,782.70","82,938.10","95,186.50","102,910.00","116,388.60","128,534.60","145,072.90","159,571.70","167,340.00","178,561.70","172,295.30","187,772.80",…
"     Agriculture, forestry, and fishing","4,629.10","5,044.70","5,874.20","6,228.50","6,721.50","7,099.30","7,676.80","8,085.30","8,750.10","9,671.00","10,463.90","11,856.50","13,291.80","14,501.30","16,893.20","18,556.40","20,882.70","23,989.40","26,759.80","28,184.50","32,997.50","36,036.70",…
     Mining and quarrying,314.9,361.4,457.1,580.7,439.6,549.8,877.8,890.5,"1,252.00","1,392.00","1,616.90","1,941.70","1,962.00","2,793.70","3,376.40","4,484.30","6,455.10","6,954.60","8,137.80","8,576.90","2,775.10","5,086.90",…
     Manufacturing,"1,618.90","1,880.50","1,936.40","2,084.20","2,296.20","2,570.90","3,098.00","4,033.20","4,593.40","5,017.20","6,324.20","7,044.80","8,623.10","8,778.70","9,705.10","10,543.50","11,085.10","11,979.60","12,435.90","12,687.90","10,202.00","11,000.30",…
"     Electricity, gas, steam, and air-conditioning supplym","2,255.30","2,279.20","2,657.70","3,357.00","3,085.40","3,634.50","5,339.90","10,082.00","11,552.20","11,813.40","12,763.60","11,886.20","12,274.40","15,201.10","16,885.90","18,901.10","19,874.30","21,728.20","19,560.20","22,611.20","30,483.30","29,307.60",…
"     Water supply; sewerage, waste management, and remediation activities",,,,,,,,,,,,25.5,28.8,29.2,31.9,32,35.2,38.7,42.6,46.1,49.2,54.8,…
     Construction,"2,761.40","3,818.40","4,711.20","5,021.50","5,741.10","6,219.20","6,019.70","6,781.00","6,251.00","7,469.70","10,308.90","13,916.60","17,669.80","17,826.10","18,479.70","20,649.70","24,280.50","26,068.50","23,753.20","20,465.40","16,301.90","18,765.90",…
     Wholesale and retail trade; repair of motor vehicles and motorcycles,882.1,"1,045.20","1,282.90","1,446.60","1,725.70","2,088.90","2,317.20","2,497.10","2,694.60","2,935.30","3,752.60","4,641.80","5,917.60","6,823.30","8,471.70","10,233.40","11,798.30","13,460.00","15,042.10","17,378.50","17,955.00","20,319.30",…
     Transportation and storagen,"1,799.70","2,083.00","2,452.00","2,626.00","3,295.10","3,890.50","4,095.10","4,468.80","5,365.80","5,989.90","6,943.30","8,526.10","9,256.00","9,806.80","11,508.70","11,892.70","13,157.70","15,119.50","16,720.10","19,070.70","14,991.40","16,775.00",…
     Accommodation and food service activities,88.1,113.2,119.7,135.3,168.7,211.7,301,368.1,569.2,537.6,608,948.7,"1,298.80","1,616.40","2,045.90","2,485.70","2,863.60","3,476.80","4,039.80","4,658.20","1,429.10","1,623.90",…
     Information and communicationo,,,,,,,,,,,,,,,,,,,,,,,…
     Financial and insurance activities,761,886.3,842.4,"1,026.70","1,279.00","1,809.70","2,293.90","2,801.50","3,174.30","3,466.20","3,987.70","5,136.80","5,385.00","5,781.10","6,461.20","6,905.30","7,574.00","7,945.70","9,018.50","9,563.60","8,661.50","8,724.50",…
     Real estate activities,631.1,645.3,716.3,921.9,"1,001.30","1,108.50","1,178.70","1,297.40","1,374.00","1,460.30","1,507.70","1,815.30","1,947.30","2,198.00","2,489.80","2,738.70","3,176.90","3,408.30","3,593.10","3,833.00","4,115.10","4,504.20",…
"     Professional, scientific, and technical activitiesp",–,–,–,–,–,–,–,6.5,28.2,35.6,50.5,55.6,79.9,85.7,97.9,102.4,141.4,313.4,376.5,451.9,450.5,634.9,…
     Administrative and support service activities,,,,,,,,,,,,,,,,,,,,,,,…
     Public administration and defense; compulsory social security,"1,779.20","2,113.70","2,425.80","2,609.10","2,636.70","3,120.10","3,220.80","3,370.20","3,762.70","4,728.40","5,517.30","6,478.00","6,775.70","6,981.50","8,079.10","10,051.00","11,209.70","11,630.60","11,761.30","13,114.90","16,564.90","18,568.20",…
     Educationq,"1,034.60",923.6,916.2,"1,054.50","1,186.10","1,351.60","1,674.10","1,941.60","2,167.70","3,235.00","3,745.20","4,404.20","4,473.20","4,555.00","4,874.60","4,725.50","5,142.90","4,717.20","5,580.30","8,844.30","10,276.60","10,970.30",…
     Human health and social work activities,,,,,,,,,,,,,,,,,,,,,,,…
"     Arts, entertainment, and recreation",96.2,100.8,111.5,123.8,144.3,172.3,212.6,241.9,267.7,276.4,298,338,390.1,436.9,471.8,503.7,532.5,654.7,679.2,704.7,445.4,482.7,…
     Other service activities,…,…,…,…,…,…,…,…,…,…,…,…,…,…,…,…,…,…,…,…,…,…,…
"     Activities of households as employers; undifferentiated goods- and 
          services-producing activities of households for own use",…,…,…,…,…,…,…,…,…,…,…,…,…,…,…,…,…,…,…,…,…,…,…
     Activities of extraterritorial organizations and bodies,…,…,…,…,…,…,…,…,…,…,…,…,…,…,…,…,…,…,…,…,…,…,…
Gross value added at basic prices,"18,651.60","21,295.30","24,503.40","27,215.80","29,720.70","33,827.10","38,305.60","46,865.30","51,802.90","58,028.00","67,887.60","79,015.70","89,373.50","97,414.60","109,872.90","122,805.30","138,209.80","151,485.00","157,500.30","170,191.60","167,698.30","182,855.10",…
Taxes less subsidies on production and imports,423.9,480.2,815.1,920.4,"1,211.30","1,317.90","1,337.60","1,442.50","1,613.10","1,704.90","2,895.10","3,922.40","5,813.00","5,495.30","6,515.70","5,729.30","6,863.00","8,086.70","9,839.70","8,370.10","4,597.00","4,917.60",…
Net factor income from abroad,-22.3,-11.2,-391,-642.2,-723.7,-510.1,-161.3,-707.2,"-1,479.90","-2,448.00","-4,022.70","-5,316.00","-7,594.30","-7,233.00","-8,238.40","-9,159.30","-12,463.80","-13,859.40","-15,058.60","-16,164.80","-10,585.50","-11,507.90",…
GNI,"19,053.10","21,764.40","24,927.50","27,494.10","30,208.30","34,634.90","39,481.90","47,600.60","51,936.20","57,284.80","66,760.00","77,622.10","87,592.20","95,677.00","108,150.20","119,375.30","132,609.00","145,712.30","152,281.40","162,396.90","161,709.80","176,264.90",…
,,,,,,,,,,,,,,,,,,,,,,,
               Structure of Output (% of GDP at current market prices),,,,,,,,,,,,,,,,,,,,,,,
               Agriculture,24.3,23.2,23.2,22.1,21.7,20.2,19.4,16.7,16.4,16.2,14.8,14.3,14,14.1,14.5,14.4,14.4,15,16,15.8,19.2,19.2,…
               Industry,36.4,38.3,38.6,39.2,37.4,36.9,38.7,45.1,44.3,43,43.8,42,42.6,43.4,41.7,42.5,42.6,41.8,38.2,36.1,34.7,34.2,…
               Servicesr,39.3,38.5,38.2,38.6,40.9,42.9,42,38.2,39.3,40.8,41.4,43.7,43.4,42.5,43.8,43.1,43.1,43.1,45.8,48.2,46.1,46.6,…
,,,,,,,,,,,,,,,,,,,,,,,
Expenditure on GDP at current market prices,"19,075.40","21,775.60","25,318.50","28,136.30","30,932.00","35,145.00","39,643.20","48,307.80","53,416.10","59,732.90","70,782.70","82,938.10","95,186.50","102,910.00","116,388.60","128,534.60","145,072.90","159,571.70","167,340.00","178,561.70","172,295.30","187,772.80",…
     Final consumption expenditure,"13,204.30","12,975.40","16,236.60","18,389.70","20,279.40","25,615.20","22,506.20","34,949.70","34,940.80","42,447.80","46,545.20","50,345.60","52,751.80","77,343.80","79,127.50","94,535.10","97,062.30","110,021.90","125,395.70","136,397.90","143,888.80","159,760.70",…
          Household final consumptions,"8,873.30","8,134.30","10,846.10","12,470.10","13,629.70","17,703.60","13,862.00","25,495.00","24,568.20","29,365.80","32,057.40","33,297.70","34,060.60","59,069.30","58,933.50","71,069.60","72,000.90","83,207.10","96,752.30","103,795.30","108,010.10","119,072.10",…
          NPISHs final consumption,,,,,,,,,,,,,,,,,,,,,,,…
          General government final consumption,"4,331.00","4,841.10","5,390.40","5,919.50","6,649.70","7,911.50","8,644.20","9,454.80","10,372.60","13,082.10","14,487.80","17,047.80","18,691.20","18,274.50","20,194.00","23,465.60","25,061.40","26,814.80","28,643.40","32,602.60","35,878.70","40,688.70",…
     Gross capital formation,"9,603.30","13,624.70","15,727.80","17,076.80","20,568.30","18,990.70","19,072.30","14,508.90","23,494.70","28,000.60","44,738.70","57,467.10","66,128.70","48,554.80","62,193.50","71,287.00","83,081.80","83,124.20","79,682.10","67,609.80","56,995.60","67,276.80",…
          Intellectual property products,91.1,59.5,97.1,276,66.5,73.2,124.8,81.5,67,327.4,"1,399.90",902.6,137.3,193.5,350.8,210.7,433.2,357.4,27.4,228.7,242.4,589.9,…
          Gross fixed capital formationt,"9,956.80","13,424.30","15,902.50","17,183.00","20,163.40","18,801.30","18,872.10","15,922.00","22,879.90","28,269.90","44,360.00","57,785.30","66,252.80","48,934.20","64,001.80","71,635.70","82,142.80","83,125.30","78,966.20","67,062.60","56,178.00","66,594.50",…
               Public,"3,080.10","3,564.40","4,095.70","2,648.00","3,236.00","3,669.70","5,189.50","6,302.40","6,729.20","7,038.20","10,373.30","11,660.60","15,996.20","12,350.50","11,802.80","12,126.50","18,318.60","20,860.00","19,233.90","13,366.90","16,746.20","26,231.50",…
               Private,"6,785.60","9,800.10","11,709.70","14,258.70","16,842.80","14,896.00","13,517.20","9,482.90","15,973.50","20,766.10","32,069.60","45,138.10","49,921.10","36,174.60","51,611.30","59,250.50","63,295.70","61,821.30","59,660.40","53,377.40","39,056.60","39,518.00",…
          Acquisitions less disposals of valuables,…,0.3,0.1,0.4,18.1,162.4,40.6,55.1,110.2,138.1,517.2,84.1,198.2,215.7,236.9,48,95.3,86.5,44.5,89.6,132.8,255.1,…
          Changes in inventories,-353.5,200.4,-174.7,-106.2,404.8,189.4,200.3,"-1,413.10",614.8,-269.4,378.8,-318.3,-124.2,-379.4,"-1,808.30",-348.7,939,-1.1,715.9,547.2,817.6,682.4,…
     Exports of goods and services,"5,797.80","5,909.00","6,231.90","7,396.80","9,880.90","13,812.80","22,134.30","27,185.60","26,709.70","27,366.50","30,777.00","35,003.70","37,739.40","42,636.40","43,589.90","44,261.70","42,966.20","48,004.30","51,570.30","60,602.20","51,109.60","59,759.40",…
          Exports of goods,…,…,…,…,…,…,…,…,…,…,…,…,…,…,"35,585.00","35,229.00","35,258.00","37,297.00","41,413.00","48,122.00","48,255.00","57,991.00",…
          Exports of services,…,…,…,…,…,…,…,…,…,…,…,…,…,…,"8,004.90","9,032.70","7,708.20","10,707.30","10,157.30","12,480.20","2,854.60","1,768.40",…
     Less: Imports of goods and services,"9,529.90","10,733.50","12,877.80","14,727.00","19,796.60","23,273.70","24,069.70","28,336.40","31,729.20","38,082.10","51,278.30","59,878.20","61,433.30","65,625.10","68,522.40","81,549.20","78,037.40","81,578.70","89,308.20","86,048.10","79,698.80","99,024.20",…
          Imports of goods,…,…,…,…,…,…,…,…,…,…,…,…,…,…,"56,923.30","68,138.80","66,655.30","67,274.40","70,858.70","69,594.50","66,900.20","86,400.00",…
          Imports of services,…,…,…,…,…,…,…,…,…,…,…,…,…,…,"11,599.10","13,410.40","11,382.10","14,304.30","18,449.50","16,453.60","12,798.60","12,624.30",…
     Statistical discrepancy,–,–,–,–,–,–,–,–,–,–,–,–,–,–,–,–,–,–,–,–,–,–,…
,,,,,,,,,,,,,,,,,,,,,,,
               Structure of Demand (% of GDP at current market prices),,,,,,,,,,,,,,,,,,,,,,,
               Household final consumptions,46.5,37.4,42.8,44.3,44.1,50.4,35,52.8,46,49.2,45.3,40.1,35.8,57.4,50.6,55.3,49.6,52.1,57.8,58.1,62.7,63.4,…
               Government final consumption,22.7,22.2,21.3,21,21.5,22.5,21.8,19.6,19.4,21.9,20.5,20.6,19.6,17.8,17.4,18.3,17.3,16.8,17.1,18.3,20.8,21.7,…
               Gross capital formation,50.3,62.6,62.1,60.7,66.5,54,48.1,30,44,46.9,63.2,69.3,69.5,47.2,53.4,55.5,57.3,52.1,47.6,37.9,33.1,35.8,…
                    Changes in inventories,-1.9,0.9,-0.7,-0.4,1.3,0.5,0.5,-2.9,1.2,-0.5,0.5,-0.4,-0.1,-0.4,-1.6,-0.3,0.6,0,0.4,0.3,0.5,0.4,…
               Exports of goods and services,30.4,27.1,24.6,26.3,31.9,39.3,55.8,56.3,50,45.8,43.5,42.2,39.6,41.4,37.5,34.4,29.6,30.1,30.8,33.9,29.7,31.8,…
               Imports of goods and services,50,49.3,50.9,52.3,64,66.2,60.7,58.7,59.4,63.8,72.4,72.2,64.5,63.8,58.9,63.4,53.8,51.1,53.4,48.2,46.3,52.7,…
               Statistical discrepancy,–,–,–,–,–,–,–,–,–,–,–,–,–,–,–,–,–,–,–,–,–,–,…
,,,,,,,,,,,,,,,,,,,,,,,
At Constant Prices,,,,,,,,,,,,,,,,,,,,,,,
GDP by industrial origin at 2000 market prices,"19,075.40","20,668.00","22,939.90","24,734.60","26,220.80","28,131.60","30,100.70","35,627.50","37,337.40","39,857.40","44,618.30","48,179.80","50,645.80","51,720.20","54,707.30","58,341.10","63,082.60","66,017.00","68,033.90","71,949.40","64,747.50","67,394.10",…
"     Agriculture, forestry, and fishing","4,629.10","4,883.20","5,021.70","5,128.20","5,238.50","5,292.50","5,435.50","5,474.20","5,504.10","5,653.70","5,699.30","5,832.60","5,963.10","6,097.80","6,227.80","6,518.00","6,793.40","6,993.70","7,290.80","7,385.60","7,723.10","7,881.60",…
     Mining and quarrying,314.9,370.4,406.8,402.4,381.3,446.6,531.4,649.7,780.2,726.3,788.1,978.7,956.8,"1,303.20","1,524.80","1,728.90","1,927.30","2,062.30","2,836.90","3,776.00",739.1,948,…
     Manufacturing,"1,618.90","1,820.60","1,855.20","1,967.30","2,055.00","2,214.40","2,468.70","3,086.80","3,349.40","3,579.90","4,302.40","4,616.40","4,929.70","4,670.70","5,098.80","5,323.90","5,452.90","5,805.00","5,956.40","5,956.10","4,719.60","4,846.70",…
"     Electricity, gas, steam, and air-conditioning supplym","2,255.30","2,185.80","2,560.70","3,214.90","2,981.80","3,262.40","4,316.30","8,071.40","9,146.30","8,904.10","9,389.40","8,859.00","8,806.80","9,756.20","9,478.40","10,183.50","10,460.60","10,059.70","8,556.70","9,594.50","12,033.80","11,585.30",…
"     Water supply; sewerage, waste management, and remediation activities",,,,,,,,,,,,13.3,15,15.2,16.6,16.7,18.3,20.2,22.2,24,25.6,28.5,…
     Construction,"2,761.40","3,460.90","4,328.70","4,448.70","4,819.80","4,701.20","4,247.50","4,465.90","4,009.60","4,672.20","5,635.10","6,464.00","7,639.30","7,474.60","7,963.30","8,807.60","10,009.20","10,630.90","9,781.70","8,348.20","6,625.10","7,206.70",…
     Wholesale and retail trade; repair of motor vehicles and motorcycles,882.1,"1,028.70","1,233.80","1,378.00","1,633.10","1,878.10","1,901.20","1,975.70","1,992.60","2,116.30","2,540.00","3,027.90","3,556.20","3,798.50","4,317.00","4,866.10","5,463.60","6,032.50","6,646.90","7,522.50","6,999.00","7,507.40",…
     Transportation and storagen,"1,799.70","1,843.70","2,000.30","2,007.40","2,447.90","2,660.60","2,856.50","3,083.20","3,247.10","3,546.80","3,941.00","4,488.90","4,749.00","4,976.80","5,425.10","5,905.80","6,409.80","7,265.10","8,057.20","9,120.50","7,784.10","9,045.60",…
     Accommodation and food service activities,88.1,111.5,115.1,128.8,157,186,246.1,264.4,384.5,334.9,347.8,491,576.6,665,780.7,906.7,"1,011.10","1,164.80","1,287.20","1,437.20",381.5,398.3,…
     Information and communicationo,,,,,,,,,,,,,,,,,,,,,,,…
     Financial and insurance activities,761,874,877.6,"1,080.10","1,291.70","1,846.10","2,285.10","2,505.10","2,644.50","2,823.60","3,109.30","3,912.00","3,573.90","3,627.20","3,765.60","3,998.30","4,400.50","4,525.80","5,106.00","5,255.40","4,595.90","4,404.90",…
     Real estate activities,631.1,597.2,548.9,690.8,699.4,707.7,719.6,771.8,782.9,813.5,832.1,894,877.2,908.3,942.4,973.9,"1,094.40","1,106.60","1,149.10","1,195.20","1,253.50","1,303.80",…
"     Professional, scientific, and technical activitiesp",–,–,–,–,–,–,–,4.9,19.8,23.9,31.7,35,41.6,41,43.3,44.3,58.3,123.1,143.9,168.2,158.6,208.2,…
     Administrative and support service activities,,,,,,,,,,,,,,,,,,,,,,,…
     Public administration and defense; compulsory social security,"1,779.20","2,044.00","2,289.10","2,411.70","2,330.30","2,618.40","2,574.20","2,561.50","2,640.00","3,178.80","3,602.20","3,723.00","3,524.90","3,339.30","3,574.50","4,178.10","4,621.40","4,635.30","4,564.20","4,953.20","5,918.20","6,184.70",…
     Educationq,"1,034.60",893.1,864.6,974.8,"1,048.30","1,134.20","1,338.00","1,475.70","1,520.90","2,171.40","2,445.20","2,531.20","2,327.10","2,180.10","2,310.50","2,097.90","2,176.40","2,045.50","2,360.40","3,566.30","3,919.90","3,919.70",…
     Human health and social work activities,,,,,,,,,,,,,,,,,,,,,,,…
"     Arts, entertainment, and recreation",96.2,98.8,103.3,114.4,127,144.4,166.5,178,187.3,191,194.8,200.2,205.5,211.2,214.8,221.1,229.5,277.1,281.4,285.7,172.9,180.6,…
     Other service activities,…,…,…,…,…,…,…,…,…,…,…,…,…,…,…,…,…,…,…,…,…,…,…
"     Activities of households as employers; undifferentiated goods- and 
          services-producing activities of households for own use",…,…,…,…,…,…,…,…,…,…,…,…,…,…,…,…,…,…,…,…,…,…,…
     Activities of extraterritorial organizations and bodies,…,…,…,…,…,…,…,…,…,…,…,…,…,…,…,…,…,…,…,…,…,…,…
Gross value added at basic prices,"18,651.60","20,211.90","22,205.90","23,947.40","25,211.00","27,092.70","29,086.50","34,568.20","36,209.10","38,736.40","42,858.40","46,067.10","47,742.60","49,064.90","51,683.60","55,770.60","60,126.60","62,747.50","64,041.10","68,588.50","63,049.70","65,650.00",…
Taxes less subsidies on production and imports,423.9,456.1,734,787.2,"1,009.80","1,038.90","1,014.20","1,059.20","1,128.40","1,121.00","1,760.00","2,112.70","2,903.20","2,655.30","3,023.80","2,570.60","2,956.00","3,269.60","3,992.90","3,360.90","1,697.80","1,744.10",…
Net factor income from abroad,…,…,…,…,…,…,…,…,…,…,…,…,…,…,…,…,…,…,…,…,…,…,…
GNI,…,…,…,…,…,…,…,…,…,…,…,…,…,…,…,…,…,…,…,…,…,…,…
,,,,,,,,,,,,,,,,,,,,,,,
               Growth of Output (% annual change),,,,,,,,,,,,,,,,,,,,,,,
               GDP,7,8.3,11,7.8,6,7.3,7,18.4,4.8,6.7,11.9,8,5.1,2.1,5.8,6.6,8.1,4.7,3.1,5.8,-10,4.1,…
               Agriculture,5.5,5.5,2.8,2.1,2.2,1,2.7,0.7,0.5,2.7,0.8,2.3,2.2,2.3,2.1,4.7,4.2,2.9,4.2,1.3,4.6,2.1,…
               Industry,7.3,12.8,16.8,9.6,2,3.8,8.8,40.7,6.2,3.5,12.5,4.1,6.8,3.9,3.7,8.2,6.9,2.5,-5,2,-12.8,2,…
               Services,8.7,6,10.3,9.2,12.2,13.7,7.3,5.9,4.8,12.2,15.2,13.9,4.3,0.3,8.9,5.6,10.3,7.1,10.3,9.8,-10.8,6.1,…
,,,,,,,,,,,,,,,,,,,,,,,
Expenditure on GDP at 2000 market prices,"19,075.40","20,668.00","22,939.90","24,734.60","25,784.60","27,966.20","29,983.50","35,627.50","37,337.40","39,857.40","44,618.30","48,179.80","50,645.80","51,720.10","54,707.30","58,341.10","63,082.60","66,017.00","68,033.90","71,949.40","64,747.50","67,394.10",…
     Final consumption expenditure,"13,204.30","12,868.90","15,031.20","17,188.60","18,225.30","21,674.80","17,476.70","25,720.10","24,229.20","27,624.90","29,360.40","30,895.30","30,283.00","42,012.10","39,428.70","43,626.90","43,272.10","45,740.30","50,836.40","55,029.30","52,643.70","55,309.50",…
          Household final consumptions,"8,873.30","8,187.50","9,944.50","11,716.90","12,356.10","15,643.40","10,605.10","18,534.10","16,951.80","18,830.00","19,901.50","21,097.70","20,559.40","33,271.30","30,481.00","33,712.60","32,940.10","34,955.90","39,723.50","42,716.00","39,825.20","41,757.10",…
          NPISHs final consumption,,,,,,,,,,,,,,,,,,,,,,,…
          General government final consumption,"4,331.00","4,681.50","5,086.70","5,471.70","5,869.20","6,031.50","6,871.50","7,185.90","7,277.50","8,794.90","9,458.90","9,797.60","9,723.60","8,740.70","8,947.80","9,914.20","10,332.00","10,784.50","11,112.90","12,313.20","12,818.50","13,552.50",…
     Gross capital formation,"9,603.30","12,464.50","14,180.10","14,321.60","16,322.40","14,326.90","14,062.70","10,779.40","16,598.20","19,330.70","28,241.80","31,579.40","32,689.00","20,703.60","26,325.90","30,468.30","34,269.20","33,464.90","31,628.10","26,392.10","22,170.90","24,964.60",…
          Intellectual property products,91.1,58.6,93.6,262.3,60.5,65.5,106.2,66.8,51.7,248.3,"1,020.90",602.3,83.6,103.4,175.4,99.9,200.8,160,12.1,98.9,103.5,238.5,…
          Gross fixed capital formationt,"9,956.80","12,270.70","14,345.40","14,420.40","16,396.80","14,316.80","14,034.80","11,851.30","16,154.00","19,514.90","28,000.70","31,767.90","32,733.70","20,874.90","27,124.20","30,618.50","33,880.20","33,466.00","31,352.70","26,182.90","21,878.30","24,737.00",…
               Public,"3,080.10","3,263.30","3,727.40","2,228.90","2,619.60","2,715.10","3,787.00","4,297.90","4,573.20","4,638.70","6,129.10","5,775.60","7,254.10","5,225.20","4,829.70","5,018.70","7,291.20","8,181.90","7,386.20","5,078.70","6,315.70","9,464.10",…
               Private,"6,785.60","8,948.40","10,524.40","11,928.70","13,700.30","11,390.80","10,107.00","7,441.50","11,444.20","14,523.10","20,473.60","25,333.90","25,275.40","15,431.00","22,000.70","25,477.10","26,212.30","25,085.40","23,934.80","20,966.60","15,402.40","14,931.30",…
          Acquisitions less disposals of valuables,…,0.3,…,0.4,16.4,145.4,34.5,45.1,84.9,104.8,377.1,56.1,120.7,115.3,118.4,22.7,44.2,38.7,19.7,38.7,56.7,103.1,…
          Changes in inventories,-353.5,193.8,-165.3,-98.8,-74.4,10.1,27.9,"-1,071.90",444.3,-184.2,241.1,-188.6,-44.8,-171.3,-798.3,-150.2,389,-1.1,257.4,209.2,292.7,227.5,…
     Exports of goods and services,"5,797.80","5,714.10","5,880.80","6,837.20","8,732.30","11,731.80","17,793.40","20,598.80","18,571.40","18,128.10","19,491.60","20,115.90","19,633.00","20,393.20","19,314.20","18,700.70","17,713.50","18,856.20","19,719.80","22,558.50","17,997.20","19,602.80",…
          Exports of goods,…,…,…,…,…,…,…,…,…,…,…,…,…,…,"15,767.30","14,884.30","14,535.70","14,650.40","15,835.80","17,912.90","16,992.00","19,022.70",…
          Exports of services,…,…,…,…,…,…,…,…,…,…,…,…,…,…,"3,546.90","3,816.40","3,177.80","4,205.80","3,884.00","4,645.60","1,005.20",580.1,…
     Less: Imports of goods and services,"9,529.90","10,379.50","12,152.20","13,612.80","17,495.40","19,767.40","19,349.20","21,470.80","22,061.50","25,226.30","32,475.40","34,410.80","31,959.20","31,388.70","30,361.50","34,454.70","32,172.30","32,044.40","34,150.30","32,030.40","28,064.30","32,482.80",…
          Imports of goods,…,…,…,…,…,…,…,…,…,…,…,…,…,…,"25,222.10","28,788.80","27,479.80","26,425.60","27,095.50","25,905.80","23,557.50","28,341.70",…
          Imports of services,…,…,…,…,…,…,…,…,…,…,…,…,…,…,"5,139.40","5,665.90","4,692.50","5,618.80","7,054.90","6,124.70","4,506.80","4,141.10",…
     Statistical discrepancy,–,–,–,–,–,–,–,–,–,–,–,–,–,–,–,–,–,–,–,–,–,–,…
,,,,,,,,,,,,,,,,,,,,,,,
               Growth of Demand (% annual change),,,,,,,,,,,,,,,,,,,,,,,
               Household final consumptions,-5.3,-7.7,21.5,17.8,5.5,26.6,-32.2,74.8,-8.5,11.1,5.7,6,-2.6,61.8,-8.4,10.6,-2.3,6.1,13.6,7.5,-6.8,4.9,…
               Government final consumption,–,8.1,8.7,7.6,7.3,2.8,13.9,4.6,1.3,20.9,7.5,3.6,-0.8,-10.1,2.4,10.8,4.2,4.4,3.1,10.8,4.1,5.7,…
               Gross capital formation,26.5,29.8,13.8,1,14,-12.2,-1.8,-23.3,54,16.5,46.1,11.8,3.5,-36.7,27.2,15.7,12.5,-2.4,-5.5,-16.6,-16,12.6,…
               Exports of goods and services,3.3,-1.4,2.9,16.3,27.7,34.3,51.7,15.8,-9.8,-2.4,7.5,3.2,-2.4,3.9,-5.3,-3.2,-5.3,6.5,4.6,14.4,-20.2,8.9,…
               Imports of goods and services,4.2,8.9,17.1,12,28.5,13,-2.1,11,2.8,14.3,28.7,6,-7.1,-1.8,-3.3,13.5,-6.6,-0.4,6.6,-6.2,-12.4,15.7,…
,,,,,,,,,,,,,,,,,,,,,,,
Investment Financing at Current Prices,,,,,,,,,,,,,,,,,,,,,,,
Gross capital formation,"9,603.30","13,624.70","15,727.80","17,076.80","20,568.30","18,990.70","19,072.30","14,508.90","23,494.70","28,000.60","44,738.70","57,467.10","66,128.70","48,554.80","62,193.50","71,287.00","83,081.80","83,124.20","79,682.10","67,609.80","56,995.60","67,276.80",…
Gross national saving,"7,171.40","10,176.70","9,694.70","10,180.70","11,157.70","11,737.20","20,256.90","12,970.40","18,107.50","17,265.50","23,775.80","33,759.80","41,514.30","23,480.90","32,943.20","25,017.50","44,782.60","41,590.50","35,035.10","40,146.20","28,822.40","26,404.00",…
     Gross domestic saving,"5,210.80","8,096.30","8,294.40","8,908.90","9,245.30","8,367.90","15,960.80","12,209.30","17,147.00","15,797.30","22,517.00","30,583.10","40,220.50","22,975.50","34,572.40","28,458.70","44,733.40","46,764.10","37,682.80","42,190.50","28,406.40","28,012.00",…
     Net factor income from abroad,-22.3,-11.2,-391,-642.2,-723.7,-510.1,-161.3,-707.2,"-1,479.90","-2,448.00","-4,022.70","-5,316.00","-7,594.30","-7,233.00","-8,238.40","-9,159.30","-12,463.80","-13,859.40","-15,058.60","-16,164.80","-10,585.50","-11,507.90",…
     Net current transfers from abroad,"1,982.90","2,091.70","1,791.30","1,914.00","2,636.00","3,879.40","4,457.30","1,468.30","2,440.40","3,916.20","5,281.50","8,492.70","8,888.10","7,738.30","6,609.10","5,718.20","12,513.00","8,685.90","12,410.90","14,120.50","11,001.40","9,899.90",…
,,,,,,,,,,,,,,,,,,,,,,,
               Savings and Investment (% of GDP at current market prices),,,,,,,,,,,,,,,,,,,,,,,
               Gross domestic saving,27.3,37.2,32.8,31.7,29.9,23.8,40.3,25.3,32.1,26.4,31.8,36.9,42.3,22.3,29.7,22.1,30.8,29.3,22.5,23.6,16.5,14.9,…
               Gross national saving,37.6,46.7,38.3,36.2,36.1,33.4,51.1,26.8,33.9,28.9,33.6,40.7,43.6,22.8,28.3,19.5,30.9,26.1,20.9,22.5,16.7,14.1,…
               Gross capital formation,50.3,62.6,62.1,60.7,66.5,54,48.1,30,44,46.9,63.2,69.3,69.5,47.2,53.4,55.5,57.3,52.1,47.6,37.9,33.1,35.8,…
,,,,,,,,,,,,,,,,,,,,,,,
At Current Market Prices (Nu),,,,,,,,,,,,,,,,,,,,,,,
Per capita GDP,"32,044.90","36,111.50","41,448.00","45,469.80","49,346.70","55,348.20","61,286.50","73,316.90","79,596.80","87,404.50","104,848.10","121,357.50","137,583.60","146,935.80","164,157.00","179,080.50","199,661.00","216,941.10","227,867.50","240,755.70","230,054.90","248,334.30",…
Per capita GNI,"32,007.50","36,092.90","40,808.00","44,432.00","48,192.20","54,544.80","61,037.20","72,243.70","77,391.60","83,822.40","98,889.40","113,578.90","126,606.70","136,608.50","152,537.40","166,319.30","182,507.30","198,099.00","207,362.20","218,960.50","215,920.80","233,114.90",…
,,,,,,,,,,,,,,,,,,,,,,,
PRODUCTION INDEX period averages,,,,,,,,,,,,,,,,,,,,,,,
Agriculture; 2014–2016 = 100,49.6,50.9,49,52.8,62.9,92.3,104.8,102.3,86.6,80.5,83.8,102.4,91.9,89.3,93.4,96.2,110.5,109.8,95.2,102.2,111,99.4,…
,,,,,,,,,,,,,,,,,,,,,,,
ENERGY annual values,,,,,,,,,,,,,,,,,,,,,,,
Coalu (t),,,,,,,,,,,,,,,,,,,,,,,
     Production,…,…,…,…,…,…,…,…,…,…,"87,815","108,904","98,731","77,744","121,891","85,164","117,783","161,527","186,830","190,000","72,838","152,873",…
     Exports,…,…,…,…,…,…,…,…,…,…,"41,657","47,695","35,155","7,127","20,863","4,371","3,970","11,027","21,133","17,769",364,817,…
     Imports,…,…,…,…,…,…,…,…,…,…,"103,961","77,149","87,223","91,325","83,734","104,092","99,035","101,399","90,162","68,467","110,420","116,481",…
     Consumption,…,…,…,…,…,…,…,…,…,…,"28,998","33,556","52,131","72,546","95,323","79,762","117,788","142,598","186,830","184,781","142,598","225,716",…
,,,,,,,,,,,,,,,,,,,,,,,
Electricity (kWh million),,,,,,,,,,,,,,,,,,,,,,,
     Production,"1,921.70","1,967.80","2,173.10","2,377.40","2,423.30","2,519.60","3,354.70","6,422.00","7,158.20","6,922.90","7,327.70","7,067.60","6,826.50","7,549.80","7,163.80","7,747.20","7,953.60","7,729.80","6,959.80","8,875.90","11,389.30","10,822.30",…
     Exports,"1,460.50","1,392.60","1,476.40","1,695.80","1,707.20","1,713.60","2,526.20","5,372.60","5,922.40","5,404.80","5,579.50","5,273.10","4,895.70","5,557.60","5,301.30","5,503.10","5,763.10","5,701.00","4,558.10","6,146.60","9,175.90","8,075.50",…
     Imports,34.4,6.9,24.3,18.7,22.8,18.4,34.7,22.2,9.4,64.2,131.6,40.3,59.4,112.3,159.2,124.5,86.5,91.9,134,96.4,81.8,98,…
     Consumption,460.3,542.9,652.9,607.3,616.2,694.2,746,950.6,"1,094.60","1,416.80","1,712.80","1,740.80","1,739.00","2,061.40","2,004.80","2,057.10","2,008.90","2,185.80","2,328.40","2,280.60","1,960.50","2,717.80",…
,,,,,,,,,,,,,,,,,,,,,,,
PRICE INDEXES period averages,,,,,,,,,,,,,,,,,,,,,,,
     Consumer (national); December 2012 | April 2019 = 100    ,51.2,52.9,54.2 |,40.5,41.9,44.1,46.3,48.7,52.8,55.1,59,64.2,71.2,77.4,83.8,87.6,90.5,95,97.5,100.2,105.8,113.6,120
          Food and nonalcoholic beverages,…,…,…,32.9,33.5,35.3,37,40,44.8,48.9,53.5,58.9,67.1,72.6,79.9,82.5,85.8,92.2,96.8,100.3,111.7,121.6,126.6
"          Alcoholic beverages, tobacco, and narcotics",…,…,…,33.4,33.8,37.7,40.2,43.7,48.4,51.6,52.1,58.3,67,77.7,88,90.3,92,94.4,98.9,99.9,107.5,125.4,126.9
          Clothing and footwear,…,…,…,35.8,36.8,38.3,40.7,44.2,49.7,50.8,52.7,60,70.3,80.4,86,89.7,92.4,95.8,98.4,100,103.3,112.7,122
"          Housing, water, electricity, gas, and other fuels",…,…,…,41.8,44.8,49,51.2,52.5,54.8,56.1,62,65.2,69.4,75.5,82.6,87.9,90.7,96.4,97.7,100.2,102.5,108.9,114.5
"          Furnishings, household equipment, and routine household maintenance",…,…,…,41.1,42.2,43.3,45.4,48.6,51.3,52.6,55.4,59.5,72,84.1,90.5,93.4,95.2,96.5,98.1,100.6,103,108.3,114.6
          Health,…,…,…,59.6,61.1,63.3,65.8,68.6,72.8,74.6,75.5,79.9,85.3,90.1,91.7,94.2,95,96,97.9,100.3,103.8,108.3,112.8
          Transport,…,…,…,45.4,47.6,49.7,52.8,53.6,60.9,63.1,65.4,73,75.9,78.9,85.5,92.8,96.3,98.1,97.4,100.1,100.6,108,121.6
          Communication,…,…,…,117.1,116.5,106.2,108.7,112.6,113.6,112.6,111,109.1,106.1,104.3,101.4,99.6,99.7,99.7,99.8,100,94.3,84.9,83.7
          Recreation and culture,…,…,…,43.9,44.3,44.4,47.7,51.5,55.3,56,58.5,77.7,87,95.5,97.4,98.6,98,99.2,99.6,99.9,100,102.3,104.1
          Education,…,…,…,70.8,70.8,70.8,70.8,70.8,70.8,70.8,70.8,70.8,70.8,76.2,81.5,86.8,92.8,96.2,99.4,100.6,104.1,104.7,106.4
          Restaurants and hotels,…,…,…,41.1,43.5,45.6,48.2,48.5,51.7,52.5,56.2,61.4,66.4,75.9,78.5,84.3,87,89.1,94.3,99.4,101,107.5,111.3
          Miscellaneous goods and services,…,…,…,46,47.1,51,56,57.1,59.7,59.4,61.2,62.6,72.1,83,88.8,92.1,94.4,96.3,98.4,100.1,101.1,107.9,115.5
     Producer price index (national); September 2011 = 100,…,…,…,…,…,…,…,…,…,…,…,100.7,105.7,108.4,111.7,112.3,113.5,120.1,125.7,121,123.4,136.9,…
     Implicit GDP deflator; 2000 = 100,100,105.3,110.4,113.8,118.1,125,131.8,135.9,143.6,150.6,159.6,172.1,187.9,199,212.7,220.3,230,241.7,246,248.2,266.1,278.6,…
,,,,,,,,,,,,,,,,,,,,,,,
               Price Indexes (% annual change),,,,,,,,,,,,,,,,,,,,,,,
               Consumer price index (national),4,3.4,2.5 |,2.2,3.4,5.3,5,5.2,8.3,4.4,7,8.8,10.9,8.8,8.3,4.5,3.2,5,2.7,2.7,5.6,7.3,5.6
               Food and nonalcoholic beverages price index (national),…,…,…,…,1.8,5.3,4.9,8,12,9.2,9.4,10,13.9,8.1,10.1,3.3,4,7.5,4.9,3.6,11.4,8.9,4.2
               Producer price index (national),…,…,…,…,…,…,…,…,…,…,…,…,5.8,2.7,3,0.6,1.2,5.8,4.7,-3.7,2.3,8.9,…
               Implicit GDP deflator,3.7,5.3,4.9,3.1,3.8,5.9,5.4,3.1,5.7,4.8,6.1,8.6,9.2,7.7,6.9,3.6,4.4,5.1,1.8,0.9,7.2,4.7,…
,,,,,,,,,,,,,,,,,,,,,,,
MONEY AND INTEREST RATESv as of end of period (Nu million),,,,,,,,,,,,,,,,,,,,,,,
Net foreign assets,"15,073.70","14,823.30","17,303.70","17,477.20","15,351.40","16,356.80","22,458.30","24,853.00","26,069.30","32,712.70","35,150.70","35,529.20","35,532.10","48,566.40","53,886.50","58,248.70","67,815.60","68,476.00","65,516.70","63,427.30","84,090.60","98,552.00","97,558.10"
Domestic claims,584.3,"1,485.70","2,945.30","5,357.10","5,929.50","8,515.10","8,651.90","10,063.30","13,362.10","15,732.90","23,136.50","30,705.70","46,466.10","52,432.30","52,299.00","56,255.10","65,692.70","85,084.80","100,320.50","113,488.20","122,112.90","142,821.30","165,296.90"
     Net claims on central government,"-1,499.40","-1,255.70",-455.9,"1,234.40",441.7,"1,847.50",-71.4,"-1,432.60","-1,687.50","-3,677.30","-2,993.20","-3,955.30","1,245.80","3,323.10","-1,978.00","-7,739.70","-5,570.50","2,852.90","5,029.40","2,406.90","-3,840.40","6,403.70","16,134.90"
     Claims on other financial corporationsw,…,…,…,–,264.3,273.2,509.4,668.3,517.9,610.3,798.4,390.5,557.3,693.3,923,"1,133.00","1,454.90","2,632.50",808.2,"1,019.90",668.3,318.9,666.7
     Claims on state and local governmentx,332.6,315.2,252,647.2,963.8,888.5,871.9,943.4,719.6,939.1,135.8,"1,035.90","1,485.70","2,284.60","4,438.40","7,174.30","6,106.00","7,046.80","8,306.00","6,230.80","7,140.80","9,856.20","8,907.00"
     Claims on public nonfinancial corporations,…,…,…,…,…,…,…,…,…,…,…,…,…,…,…,…,…,…,…,…,…,…,…
     Claims on private sector,"1,751.00","2,426.10","3,149.20","3,475.50","4,259.70","5,505.90","7,342.00","9,884.20","13,812.10","17,860.80","25,195.60","33,234.70","43,177.30","46,131.30","48,915.60","55,687.50","63,702.20","72,552.60","86,176.90","103,830.60","118,144.10","126,242.50","139,588.20"
Broad money liabilitiesy,"10,035.30","10,802.10","13,875.70","15,904.70","16,592.70","18,377.30","23,208.70","25,208.80","25,784.80","32,116.20","41,779.00","50,640.10","43,732.20","59,077.40","63,387.90","68,344.70","79,162.80","104,113.70","114,974.90","121,417.50","144,892.40","180,316.00","197,302.40"
     Currency outside depository corporations,"1,269.60","1,610.00","1,648.30","1,699.00","2,015.20","2,303.70","2,614.90","3,166.00","3,642.50","4,543.20","5,386.80","6,894.00",–,"5,307.40","5,704.70","5,946.50","6,101.80","8,787.70","9,235.20","9,744.80","11,784.70","11,876.50","10,242.70"
     Transferable deposits,"2,769.40","3,324.50","5,495.10","5,803.50","6,509.40","7,028.50","8,063.10","10,376.30","10,754.10","13,833.20","17,151.20","23,376.60","25,569.50","32,112.90","33,997.30","35,729.40","38,831.90","51,935.60","57,061.00","59,459.30","73,792.80","89,951.20","100,333.10"
     Other deposits,"5,996.30","5,867.60","6,732.30","8,402.10","8,068.00","9,045.10","12,530.60","11,666.40","11,388.30","13,739.80","19,241.00","20,369.50","18,162.70","21,657.10","23,686.00","26,668.80","34,229.10","43,390.30","48,678.60","52,213.40","59,314.80","78,488.30","86,726.60"
     Securities other than shares,…,…,…,…,…,…,…,…,…,…,…,…,…,…,…,…,…,…,…,…,…,…,…
Liabilities excluded from broad moneyz,"5,622.70","5,506.90","6,373.30","6,892.10","5,484.30","6,587.70","8,265.60","11,114.10","13,085.40","15,917.80","17,517.10","18,256.90","32,219.00","42,882.90","43,233.60","47,103.00","50,763.80","49,683.20","51,579.20","56,212.80","59,639.00","61,092.50","65,387.90"
,,,,,,,,,,,,,,,,,,,,,,,
               Money Supply (M2)y (% annual change),16.1,7.6,28.5,…,4.3,10.8,26.3,8.6,2.3,24.6,30.1,21.2,-13.6,35.1,7.3,7.8,15.8,31.5,10.4,5.6,19.3,24.4,9.4
               M2y (% of GDP at current market prices),52.6,49.6,54.8,59.5,56.2,55.6,62.1,57.3,50.7,56.8,64,65.9,49.1,59.6,57.8,55.8,57.8,68.3,70.3,70.2,82.6,100.2,103
,,,,,,,,,,,,,,,,,,,,,,,
Interest Rates period averages (% per annum),,,,,,,,,,,,,,,,,,,,,,,
On deposits,,,,,,,,,,,,,,,,,,,,,,,
     Savingsaa,6,6,5.5,5,4.5,4.5,4.5,4.8,4.8,4.8,4.8,4.8,5,5.2,5.2,5.3,5.3,5.5,5.3,5.4,5.4,5.3,…
     Time: 6 monthsab,7.5,7.5,7,5.5,5,4.5,4.5,5,5,5,5,5,5.5,5.3,5.3,5.5,5.7,6,5.4,5.4,4.5,4.5,…
              12 monthsac,9.5,9.5,9,6.8,6,6.5,6.5,6.8,6.8,6.8,6.8,7,8,7,7.2,6.8,7,7,7.8,7.8,7.6,7.8,…
,,,,,,,,,,,,,,,,,,,,,,,
GOVERNMENT FINANCEad fiscal year ending 30 June (Nu million) ,,,,,,,,,,,,,,,,,,,,,,,
Central Government,,,,,,,,,,,,,,,,,,,,,,,
     Total revenue and grants,"7,859.50","9,286.50","8,895.20","7,054.30","10,445.00","10,501.10","13,452.20","16,083.10","18,317.30","23,443.00","30,990.70","28,171.80","32,646.40","30,656.10","37,819.10","36,231.10","42,039.30","42,673.10","52,113.10","42,033.30","54,603.90","59,696.10","54,354.60"
          Total revenue,"4,585.40","4,975.80","5,146.70","4,785.30","5,077.60","6,128.00","7,027.40","10,082.20","12,381.90","16,867.90","19,871.80","17,674.00","20,144.80","21,093.50","23,582.80","26,276.00","27,149.70","29,686.40","37,266.00","31,516.80","38,178.10","44,813.80","40,771.10"
               Current revenue,"4,309.80","4,595.50","5,112.10","4,760.20","4,981.70","5,833.50","6,735.10","9,906.90","12,262.00","13,952.60","15,544.90","17,365.50","20,248.60","21,012.80","23,162.30","25,031.00","27,913.40","29,500.10","36,846.70","34,682.80","36,140.40","35,774.50","38,621.10"
                    Taxes,"1,977.10","1,916.90","2,675.60","2,928.30","2,689.90","3,382.40","4,124.70","4,266.90","5,238.80","6,482.40","9,655.80","11,593.50","14,676.90","15,403.10","16,182.80","18,387.30","19,884.60","21,707.00","27,107.80","27,171.10","22,793.00","20,661.80","25,843.10"
                    Nontaxes,"2,332.70","2,678.60","2,436.50","1,832.00","2,291.80","2,451.10","2,610.40","5,640.00","7,023.30","7,470.20","5,889.20","5,772.00","5,571.70","5,609.70","6,979.50","6,643.60","8,028.70","7,793.10","9,738.80","7,511.60","13,347.40","15,112.70","12,778.10"
               Capital receiptsae,275.6,380.3,34.7,25,95.9,294.5,292.4,175.3,119.9,"2,915.30","4,326.90",308.6,-103.8,80.7,420.5,"1,245.10",-763.7,186.3,419.4,"-3,165.90","2,037.70","9,039.30","2,150.00"
               Grants,"3,274.10","4,310.70","3,748.50","2,269.10","5,367.40","4,373.10","6,424.70","6,000.90","5,935.40","6,575.10","11,118.90","10,497.70","12,501.50","9,562.60","14,236.40","9,955.00","14,889.60","12,986.80","14,847.10","10,516.50","16,425.80","14,882.30","13,583.50"
     Total expenditure and net lending,"8,624.10","11,177.60","10,073.90","9,944.90","9,865.10","12,893.70","13,770.90","15,795.30","17,913.40","22,350.50","29,889.00","29,842.50","33,688.30","34,901.40","33,522.80","34,334.30","43,603.00","48,018.00","52,658.70","46,094.80","58,718.50","71,837.40","65,479.00"
          Total expenditure,"8,334.30","10,716.50","9,780.40","9,890.50","9,802.30","12,785.90","13,356.80","15,166.10","19,693.00","20,890.60","25,831.80","29,521.90","34,843.10","36,527.80","34,609.90","36,475.80","44,688.40","49,966.60","56,331.40","44,053.70","57,572.30","71,091.80","69,156.60"
               Current expenditure,"3,702.10","4,435.60","4,467.90","4,580.90","5,149.20","6,170.60","6,672.40","7,636.20","9,725.70","11,061.40","12,902.70","14,735.10","16,705.60","18,096.50","17,941.20","21,032.00","22,880.60","24,129.60","27,494.70","27,768.70","35,525.40","43,515.80","34,444.70"
               Capital expenditure,"4,632.10","6,280.90","5,312.60","5,309.60","4,653.10","6,615.30","6,684.40","7,529.90","9,967.30","9,829.20","12,929.10","14,786.80","18,137.50","18,431.30","16,668.80","15,443.80","21,807.90","25,837.00","28,836.70","16,285.50","22,046.90","27,576.00","34,711.90"
          Net lending,289.8,461.1,293.5,54.4,62.8,107.8,414.1,629.2,"-1,779.70","1,460.00","4,057.20",320.5,"-1,154.80","-1,626.40","-1,087.10","-2,141.60","-1,085.40","-1,948.60","-2,077.90","-1,318.50",729.3,745.6,"-3,677.60"
     Current surplus/deficit,607.6,159.9,597.5,179.3,-167.6,-337.1,62.7,"2,270.70","2,535.90","2,891.20","2,642.30","2,630.40","3,543.00","2,916.30","5,221.10","3,998.90","5,032.80","5,390.70","9,352.00","6,914.10",615.1,"-7,741.30","4,176.40"
     Capital account surplus/deficit,"-4,356.50","-5,900.60","-5,277.90","-5,284.60","-4,557.10","-6,320.80","-6,392.10","-7,354.60","-9,847.50","-6,913.80","-8,602.30","-14,478.30","-18,241.30","-18,350.60","-16,248.20","-14,198.70","-22,571.50","-25,670.90","-28,417.30","-19,451.40","-20,009.20","-18,536.70","-32,561.90"
     Overall budgetary surplus/deficit,-764.5,"-1,891.10","-1,225.40","-2,890.60",579.9,"-2,392.60",-318.7,287.8,403.5,"1,092.50","1,101.70","-1,670.70","-1,042.00","-4,245.30","4,296.30","1,896.80","-1,563.70","-5,344.90",-545.6,"-4,061.50","-4,114.60","-12,141.30","-11,124.40"
     Financing,,,,,,,,,,,,,,,,,,,,,,,
          Domestic borrowing,–,–,500,250,-250,"1,753.00",-500,-175.3,-175.3,-175.3,-175.3,-175.3,216,-175.3,-175.3,-175.3,-183.8,-9.2,-9.9,323.9,-882.4,"8,907.30","7,267.60"
          Foreign borrowing,606.6,"1,056.70","1,396.70","1,537.30",932.1,739.4,715.5,530.1,"-1,143.90","-1,043.40",257.3,469.3,"-1,223.20",667.6,-867,-911.1,"-1,031.60",533.5,-92.1,"1,101.10","3,527.10","1,486.90","4,086.70"
          Use of cash balances,158,834.5,-671.3,"1,103.20","-1,262.00",-99.8,103.3,-642.6,915.7,126.3,"-1,183.70","1,376.70","2,049.10","3,753.00","-3,254.00",-810.4,"2,779.20","4,820.50",647.6,"2,636.50","1,469.90","1,747.00",-230
,,,,,,,,,,,,,,,,,,,,,,,
                   Government Finance (% of GDP at current market prices),,,,,,,,,,,,,,,,,,,,,,,
                   Total revenue,23.2,22.1,19.5,16.5,15.9,17,17.3,20.4,22.6,27.6,27.4,23,22.6,21.3,21.5,21.4,19.8,19.5,22.8,18.2,21.8,24.9,21.3
                   Taxes,10,8.5,10.2,10.1,8.4,9.4,10.1,8.6,9.6,10.6,13.3,15.1,16.5,15.6,14.8,15,14.5,14.2,16.6,15.7,13,11.5,13.5
                    Total expenditure,42.2,47.7,37.5,34.1,30.8,35.4,32.8,30.7,36,34.1,35.6,38.4,39.1,36.9,31.6,29.8,32.6,32.8,34.5,25.5,32.8,39.5,36.1
                   Overall budgetary surplus/deficit,-3.9,-8.4,-4.7,-10,1.8,-6.6,-0.8,0.6,0.7,1.8,1.5,-2.2,-1.2,-4.3,3.9,1.5,-1.1,-3.5,-0.3,-2.3,-2.3,-6.7,-5.8
,,,,,,,,,,,,,,,,,,,,,,,
"Expenditure by Function, Central Government",,,,,,,,,,,,,,,,,,,,,,,
     Total expenditure,…,…,…,…,"11,594.40","13,164.90","16,598.50","16,298.20","21,809.70","23,034.60","30,039.20","33,324.60","42,937.80","53,632.30","37,757.40","39,425.30","47,937.50","52,712.10","59,201.10","46,593.80","59,506.40","76,488.30","74,863.30"
          General public services,…,…,…,…,"3,498.90","5,636.10","4,471.10","3,866.50","5,043.30","5,339.90","3,802.70","4,186.20","5,242.60","5,431.60","4,757.80","5,320.80","7,717.00","10,475.70","16,845.10",750.4,"16,719.80","26,925.60","17,782.20"
          Education,…,…,…,…,"1,725.10","1,837.80","2,088.20","2,963.00","3,099.50","3,605.50","4,865.70","5,964.70","6,725.00","7,109.40","5,746.20","7,301.30","8,988.90","10,728.70","10,852.50","9,497.30","12,739.50","11,491.50","10,705.20"
          Health,…,…,…,…,920.4,953.2,"1,046.20","1,690.10","1,791.60","1,930.50","2,151.80","2,288.90","2,954.70","2,951.80","2,974.10","3,457.70","4,103.20","4,359.00","4,864.10","4,856.10","6,435.40","6,509.30","7,214.30"
          Social security and welfareaf,…,…,…,…,–,–,–,498.2,"1,347.50","1,906.90","2,259.00","2,796.10","3,551.90","3,640.40","3,556.30","3,920.10","4,632.40","5,235.90","3,235.50","4,278.70","5,891.80","5,789.70","6,234.70"
          Housing and community amenitiesag,…,…,…,…,585.1,715.3,"1,295.90",725,982.1,891.7,"1,195.60","1,068.30","1,071.40","1,224.20","1,195.40","1,130.70","2,210.00","2,109.70","2,571.70","2,936.10","2,887.70","3,106.50","3,743.70"
          Economic affairs,…,…,…,…,"3,515.10","2,839.90","4,073.40","4,980.00","5,709.70","5,481.80","8,695.70","10,223.70","11,416.80","11,498.80","9,583.80","10,416.90","14,927.90","15,058.80","16,116.60","10,528.80","12,066.40","15,405.80","19,210.20"
               Agriculture,…,…,…,…,"1,432.40",870,"1,228.50","1,709.40","1,871.60","2,272.20","3,089.30","3,849.10","4,734.20","4,747.90","4,074.10","4,143.30","6,028.00","6,764.50","6,205.50","4,593.20","7,115.10","8,652.70","8,609.70"
               Industryah,…,…,…,…,90.7,74.1,93.8,122.4,197.4,182.1,206.5,237.4,239.2,277.8,221.1,301.3,346.6,142.8,185.1,392.2,171.1,167.6,169.2
"               Electricity, gas, and waterai",…,…,…,…,789.5,203.6,477.6,441.6,530.7,632.6,826.1,"1,627.70",600.6,477.8,458,450.6,664.8,905.5,342.9,289.3,283,271.9,281.1
               Transport and communicationsaj,…,…,…,…,"1,202.50","1,637.90","2,100.40","2,342.00","2,818.00","2,050.10","4,104.40","3,818.90","5,181.10","5,375.10","4,132.60","4,768.20","6,710.30","6,289.00","7,897.00","4,767.60","3,359.60","3,906.20","5,325.10"
               Other economic services,…,…,…,…,…,54.4,173,364.7,292,344.8,469.5,690.6,661.7,620.2,698,753.5,"1,178.20",957,"1,486.10",486.4,"1,137.70","2,407.30","4,825.20"
          Othersak,…,…,…,…,"1,349.90","1,182.50","3,623.70","1,575.40","3,835.90","3,878.30","7,068.70","6,796.80","11,975.30","21,776.20","9,943.80","7,878.00","5,358.10","4,744.20","4,715.70","11,206.70","2,765.80","7,259.90","9,973.00"
,,,,,,,,,,,,,,,,,,,,,,,
                    Expenditure by Function (% of GDP at current market prices),,,,,,,,,,,,,,,,,,,,,,,
                    Education,…,…,…,…,5.4,5.1,5.1,6,5.7,5.9,6.7,7.8,7.6,7.2,5.2,6,6.6,7,6.6,5.5,7.3,6.5,5.6
                    Health,…,…,…,…,2.9,2.6,2.6,3.4,3.3,3.2,3,3,3.3,3,2.7,2.8,3,2.9,3,2.8,3.7,3.7,3.8
                    Social security and welfare,…,…,…,…,–,–,–,1,2.5,3.1,3.1,3.6,4,3.7,3.2,3.2,3.4,3.4,2,2.5,3.4,3.3,3.3
,,,,,,,,,,,,,,,,,,,,,,,
EXTERNAL TRADEal calendar year (Nu million),,,,,,,,,,,,,,,,,,,,,,,
"Exports, fob","4,987.90","4,615.80","4,994.80","5,405.90","7,157.50","9,457.10","13,959.80","25,333.80","24,170.80","24,342.90","24,480.10","30,160.10","30,997.40","29,931.50","32,876.60","35,982.20","32,704.50","36,872.00","39,231.70","42,951.60","46,862.80","53,099.90","57,864.00"
"Imports, cif | fob","8,075.20","8,675.00","9,790.20","9,886.9 |","11,923.50","20,556.00","19,456.50","21,863.90","26,007.30","27,871.90","37,048.40","50,995.40","50,878.10","50,640.00","57,047.10","62,645.00","68,533.20","68,021.20","66,432.40","71,290.20","69,589.20","65,529.40","104,134.70"
     Trade balance,"-3,087.30","-4,059.10","-4,795.50","-4,481.00","-4,766.00","-11,099.00","-5,496.70","3,469.90","-1,836.50","-3,529.00","-12,568.30","-20,835.30","-19,880.60","-20,708.50","-24,170.50","-26,662.80","-35,828.70","-31,149.20","-27,200.70","-28,338.60","-22,726.40","-12,429.50","-46,270.70"
,,,,,,,,,,,,,,,,,,,,,,,
               External Trade (% annual change),,,,,,,,,,,,,,,,,,,,,,,
               Exports,-7.5,-7.5,8.2,8.2,32.4,32.1,47.6,81.5,-4.6,0.7,0.6,23.2,2.8,-3.4,9.8,9.4,-9.1,12.7,6.4,9.5,9.1,13.3,9
               Imports,7.4,7.4,12.9,1,20.6,72.4,-5.3,12.4,19,7.2,32.9,37.6,-0.2,-0.5,12.7,9.8,9.4,-0.7,-2.3,7.3,-2.4,-5.8,58.9
,,,,,,,,,,,,,,,,,,,,,,,
Direction of Trade calendar year ($ million),,,,,,,,,,,,,,,,,,,,,,,
"Exports, total",28.6,24.7,26.5,24.7,53.5,258.7,414.3,675.6,522.3,496.4,413.9,453.4,532,454.3,484,677.7,499.2,468.8,546.6,517.7,447.9,668.9,655.5
     1. India,22.3,18.2,20.1,17.9,43.8,226.2,319.4,550.2,495.8,463.6,340.8,343,497.7,397.6,408.2,494.4,468.8,444.5,504.7,497.7,433.6,654.1,592.5
     2. Italy,…,0,…,0,…,0,0,0.1,0,0,0.3,2.6,2.3,2.2,5.3,2.7,0.1,2.9,7.4,4.1,3.6,4.3,14.3
     3. Nepal,…,…,…,…,…,1,1.3,1.3,4.5,1.8,0.9,1.6,2,3.7,5.1,12.7,2,4.6,9.4,3.4,2.4,2.4,7.2
     4. Netherlands,0.1,0.1,0.1,0,0,0,0,0,0,0,0,0.1,1.3,2.8,0.8,6.3,1.6,6.6,13.8,3.9,0.9,0.6,4.6
     5. Indonesia,…,…,…,…,…,…,…,…,0,0,…,…,0,0,0,0,…,0,0,0,0,0,15.6
     6. Bangladesh,1.3,1,1.1,1,2.5,12.7,10.4,11.4,14.6,15.7,19.8,26.4,21.9,40.7,55.6,138,21.9,2.5,2.8,3.9,2.3,3.1,2.6
     7. Singapore,1.7,1.7,1.7,1.7,1.7,1.7,12.9,16.6,0.3,0.2,0.4,0.3,0.4,0.3,0.5,0.1,0.1,0.8,1.1,1.2,0.5,0.7,4.6
     8. Colombia,0.1,0,0.1,0.2,0.1,0,0,0.3,0.4,0.1,0.1,0.1,0.1,0.2,0.9,0,0,0,0,0,0,0,7
     9. Germany,0,0,0,0,0,0,0,0.1,0,0,0,1.8,0.6,2.8,4.4,20.1,0.7,2.1,3.4,0.6,0.1,0.5,0.2
"     10. China, People's Republic of",…,0,0,0,0.1,0,0,0,0.3,0,0,0.1,0,0.2,0.3,0.5,0.3,0.4,0.2,0.2,0.2,0.2,3
,,,,,,,,,,,,,,,,,,,,,,,
"Imports, total",461.8,470.2,471.8,497.8,857.8,387.2,418.9,499.8,543.4,530,854.4,"1,052.00",993.1,950.1,935.6,"1,135.20","1,051.60","1,055.50","1,369.30","1,319.00","1,315.80","1,700.00","1,945.70"
     1. India,377.3,381.7,383.3,395.8,627.3,290.7,287.6,365.4,401.8,412.1,640.8,760.2,781.5,757.1,763.2,875.8,889.5,877.4,"1,113.90","1,154.20","1,081.60","1,327.20","1,474.50"
"     2. China, People's Republic of",20.4,20.1,19.1,20.5,18.8,4.1,6.2,9.2,19.6,10.1,13.4,19,24.8,27.7,17.6,15.8,8.1,9.9,20.4,17.2,20.9,173.2,264
"     3. Korea, Republic of",4.7,5.2,5.2,6,20.9,5.8,10.1,7.9,6.6,7.9,43.8,63,31,13,8.9,18.7,13.3,44.4,17.8,7.7,46.6,42,34.5
     4. Singapore,10.2,10.2,10.2,10.2,10.2,10.2,11.4,23.6,21.3,15.4,19.7,39.8,14.6,27.8,24,29.7,32.6,24.8,27,24.3,26.4,32.3,36.1
     5. United States,0.5,0.4,0.5,0.6,1.3,1.9,2.6,1.3,1.9,2.1,3.4,2.7,3.6,3.4,3.5,3.8,2.9,3.7,81,4.1,4.1,8.6,7.1
     6. Thailand,20.2,19.7,18.7,16.6,12.2,6.3,5.7,4.6,9.5,7.2,21.6,26.4,13.8,14.7,17.8,19.3,20,20.3,20.5,20.6,20.6,20.6,20.6
     7. Japan,5.9,11.5,15.7,14.5,29.7,14.7,8.7,9.2,25.5,11.5,18.5,33.2,23.5,16.2,36.9,28.9,18.9,10.2,14.8,10.7,5.8,12.5,7.9
     8. Nepal,…,…,…,…,…,2.3,3.8,2.4,3,7.6,12.8,3,8.7,7.9,6.3,12.7,4.9,5.3,10.9,6.9,14.4,7.4,7.7
     9. Austria,5.3,1.7,2,4.9,11.3,1,0.9,0.6,0.6,2.7,1.7,7.5,17.6,16.7,6.8,6.5,6.4,9.2,6.7,7,6.8,6.5,6.5
     10. Bangladesh,1,1.6,1.5,2.6,3.8,3.4,1.8,1.8,2.9,2.4,4.2,3.7,5.3,2.2,4,3.3,2.9,3.8,5.6,5.5,5.1,8.5,8.6
,,,,,,,,,,,,,,,,,,,,,,,
BALANCE OF PAYMENTSam fiscal year ending 30 June ($ million),,,,,,,,,,,,,,,,,,,,,,,
Current account balance,-42.3,-42.7,-80.8,-137.6,-121.5,-235.1,-37.9 |,91,-110.1,-74.9,-320.5,-523.9,-346.8,-431.5,-493.9,-559.1,-609.5,-536.8,-438.8,-514.1,-366.9,-287.9,-809.2*
     Balance on goods,-70.7,-87.5,-99.5,-93.5,-105,-248.8,-122.9 |,85.2,-45.1,-72.7,-271,-465.9,-353.1,-346.9,-402.2,-418.2,-529.9,-483.1,-396.7,-411.2,-300.9,-167.2,-586.1*
          Exports,114.3,99.5,103.6,112.8,157.6,212,312.0 |,621.7,593.1,501.8,527.9,674.4,550.5,501.4,547.1,564.4,483.7,571.9,572.1,623.2,620.5,714.2,733.0*
          Imports,185,187,203.1,206.3,262.6,460.8,434.9 |,536.5,638.2,574.6,799,"1,140.30",903.6,848.2,949.3,982.6,"1,013.60","1,055.10",968.8,"1,034.40",921.4,881.4,"1,319.1*"
     Balance on services,-7.8,0.4,-16.9,-66.8,-48.7,-39.3,-12.8 |,-31.4,-65.1,-41.6,-71.5,-95.8,-83.1,-49.6,-66.5,-67.2,-52.2,-50.5,-33.2,-51.7,-87.3,-115.6,-179.4*
          Credit,19.9,24.2,22.5,20.4,27.6,42.5,51.7 |,65.3,54.2,55.7,69.2,82.8,91.4,113.3,127.2,122.1,140.9,164.8,181.2,172.7,127.3,19.8,20.9*
          Debit,27.7,23.7,39.4,87.2,76.3,81.8,64.5 |,96.7,119.3,97.3,140.7,178.6,174.4,162.9,193.7,189.3,193.1,215.3,214.5,224.4,214.6,135.3,200.3*
     Balance on primary income,-3.9,2.5,-4.9,-11.4,-16.3,-15.9,-7.0 |,-0.4,-34.3,-32.2,-71.9,-101.1,-102.1,-152.2,-123.6,-152.7,-168.7,-183.4,-201.2,-226.2,-142.3,-150.9,-150.9*
          Credit,13.9,17.3,10.9,11.7,9.6,12,18.2 |,28.5,34.3,20.9,16.4,16.9,15.5,16.2,19.8,25.9,24,31,35.2,38.3,28,21.5,23.3*
          Debit,17.8,14.8,15.8,23.1,25.9,27.9,25.2 |,28.9,68.6,53,88.4,117.9,117.6,168.4,143.5,178.6,192.7,214.5,236.4,264.5,170.3,172.5,174.2*
     Balance on secondary incomean,40.1,41.8,40.5,34,48.4,68.9,104.7 |,37.6,34.5,71.7,93.9,138.8,191.4,117.2,98.4,79.1,141.3,180.4,192.4,175,163.6,145.8,107.1*
          Credit,84.8,83.3,87.6,86.5,97.8,123.1,163.5 |,94,84.8,106.8,138.8,191.5,229.2,145.5,122,107.8,168,205.6,219,206.5,183.7,184.6,146.8*
          Debit,44.7,41.5,47.1,52.5,49.4,54.3,58.7 |,56.4,50.4,35.2,44.8,52.7,37.8,28.3,23.7,28.7,26.7,25.2,26.7,31.5,20,38.8,39.6*
Capital account,66.7,43.2,52.1,129.7,111.7,102.8,39.1 |,79.3,82.5,67.4,150.6,170.2,84.4,242.2,281.3,219.3,187.4,192.2,173.3,127.2,137.3,99.7,131.4*
     Credit,66.7,43.2,52.1,129.7,111.7,102.8,39.1 |,79.3,82.5,67.4,150.6,170.2,84.4,242.2,281.3,219.3,187.4,192.2,173.3,127.2,137.3,99.7,131.4*
     Debit,…,…,…,…,…,…,…,…,…,…,…,…,…,…,…,…,…,…,…,…,…,…,…
Financial accountao,41.1,49.8,61.1,96.9,82.1,44.2,91.5 |,-149.4,-23,-95.1,-192.7,-412.4,-269.6,-288.6,-246.4,-350.7,-627.5,-237.3,-580.2,-140.9,-360.8,-273.5,-262.3*
     Direct investment,…,…,2.1,2.5,3.5,9,6.1 |,157.3,3.1,17.8,74.8,31.5,21.5,18.7,28.5,5.8,10,-25.4,6.7,13.6,-3.6,-1.1,8.2*
"     Portfolio investment, net",…,…,…,…,…,…,…,…,…,…,…,…,…,…,…,…,…,…,…,…,…,…,…
     Financial derivatives,…,…,…,…,…,…,…,…,…,…,…,…,…,…,…,…,…,…,…,…,…,…,…
     Other investment,41.1,49.8,59,94.5,78.7,35.2,85.4 |,–,–,–,–,–,-248.2,-272.5,-215.1,-325.5,-604.1,-289.6,-515.2,-107.2,-383.9,-36.3,-216.3*
Net errors and omissions,36.4,-2,45.4,-34.5,-64.1,67.5,23.6 |,-186.6,21.5,47.8,72.3,-40.8,-168.3,55,37.5,-19.8,-19.5,195.3,-242.8,279.5,134.8,-139.9,5.1*
Overall balance,35.1,5.1,25.8,54.5,8.1,-20.6,116.4 |,133,16.9,135.5,95.1,17.8,-161,154.3,71.2,-9,185.9,-0.7,71.9,33.5,266,-54.6,-410.4*
Reserves and related items,35.1,5.1,25.8,54.5,8.1,-20.6,116.4 |,133,16.9,135.5,95.1,17.8,-161,154.3,71.2,-9,185.9,-0.7,71.9,33.5,266,-54.6,-410.4*
International investment position,…,…,…,…,…,…,… |,-250.9,-175.2,-100.2,-159.2,-491.2,-702.4,-920.8,"-1,115.40","-1,356.60","-1,712.10","-2,160.40","-2,401.70","-2,537.50","-2,422.00","-3,078.60",…
,,,,,,,,,,,,,,,,,,,,,,,
               Balance of Payments (% of GDP at current market prices),,,,,,,,,,,,,,,,,,,,,,,
               Exports,25.3,20.5,19.1,18.7,25.1,30.2,38.7,57.6,47.5,43,37.5,39.2,34.8,30.2,30,29.4,23.9,24.2,24,24.8,26.7,29.5,30.1*
               Imports,40.9,38.6,37.5,34.1,41.9,65.7,53.9,49.7,51.1,49.3,56.8,66.3,57.1,51.1,52,51.1,50.1,44.6,40.6,41.2,39.7,36.4,54.1*
               Balance on goods,-15.6,-18.1,-18.4,-15.5,-16.7,-35.5,-15.2,7.9,-3.6,-6.2,-19.3,-27.1,-22.3,-20.9,-22,-21.8,-26.2,-20.4,-16.6,-16.4,-13,-6.9,-24.0*
               Balance on services,-1.8,0.1,-3.2,-11.1,-7.1,-4.9,-1.5,-2.9,-5.2,-3.6,-5.1,-5.6,-5.3,-3,-3.6,-3.5,-2.6,-2.1,-1.4,-2.1,-3.8,-4.8,-7.4*
               Current account balance,-9.4,-8.8,-14.9,-22.8,-19.4,-33.5,-4.7,8.4,-8.8,-6.4,-22.8,-30.5,-21.9,-26,-27.1,-29.1,-30.1,-22.7,-18.4,-20.5,-15.8,-11.9,-33.2*
               Overall balance,7.8,1.1,4.8,9,1.3,-2.9,14.4,12.3,1.4,11.6,6.8,1,-10.2,9.3,3.9,-0.5,9.2,0,3,1.3,11.5,-2.3,-16.8*
,,,,,,,,,,,,,,,,,,,,,,,
INTERNATIONAL RESERVES as of end of period ($ million),,,,,,,,,,,,,,,,,,,,,,,
Total,317.6,323.4,354.9,366.6,398.6,467.4,545.3,699,764.8,890.9,"1,002.10",789.6,954.7,991.3,"1,245.10","1,103.20","1,127.30","1,206.20",987.2,"1,238.30","1,426.90",971.3,…
"     Gold, national valuation",…,…,…,…,…,…,…,…,…,…,…,…,…,…,…,…,…,…,…,10,3.8,38.7,…
     Foreign exchange,316.1,321.8,353.2,364.7,396.6,465.5,543.3,696.8,762.6,879.2,990.7,778.2,943.2,979.8,"1,234.30","1,092.90","1,113.10","1,191.20",972.5,"1,213.60","1,407.80",890.3,…
     Reserve position in the IMF,1.3,1.3,1.4,1.5,1.6,1.5,1.5,1.6,1.6,1.6,1.6,1.6,1.6,1.6,1.5,1.4,6.1,6.5,6.3,6.3,6.5,6.4,6.1
     SDRs,0.2,0.3,0.3,0.4,0.4,0.4,0.5,0.6,0.7,10.1,9.9,9.9,9.9,9.9,9.3,8.9,8.1,8.6,8.4,8.4,8.8,35.9,34.2
,,,,,,,,,,,,,,,,,,,,,,,
EXCHANGE RATES (Nu–$),,,,,,,,,,,,,,,,,,,,,,,
End of period,46.8,48.2,48,45.6,43.6,45.1,44.2,39.4,48.5,46.7,44.8,53.3,54.8,61.9,63.3,66.3,68,63.9,69.8,71.3,73.1,75.3,82.9
Average of period,44.9,47.2,48.6,46.6,45.3,44.1,45.3,41.3,43.5,48.4,45.7,46.7,53.4,58.6,61,64.2,67.2,65.1,68.4,70.4,74.1,73.9,78.6
,,,,,,,,,,,,,,,,,,,,,,,
EXTERNAL INDEBTEDNESS as of end of year ($ million),,,,,,,,,,,,,,,,,,,,,,,
Total debt outstanding and disbursed,211.6,272.7,386,493.6,601.3,656.6,721.1,801.2,693.1,786.5,934.6,"1,070.50","1,449.60","1,528.20","1,841.20","2,011.10","2,289.70","2,608.00","2,552.00","2,703.80","3,036.80","3,069.40",…
     Long-term debt,202.2,265.2,376.9,480.3,592,635.6,696.1,773.8,675.9,772.2,919.4,"1,053.30","1,365.40","1,518.90","1,829.10","2,002.80","2,281.50","2,596.40","2,539.30","2,667.70","3,026.70","3,030.80",…
          Public and publicly guaranteed,202.2,265.2,376.9,480.3,592,635.6,696.1,773.8,675.9,772.2,919.4,"1,043.40","1,357.70","1,513.80","1,827.20","1,945.10","2,221.20","2,540.80","2,484.20","2,616.30","2,985.30","2,986.90",…
          Private nonguaranteed,…,…,…,…,…,…,…,…,…,…,…,9.9,7.7,5.1,1.9,57.7,60.3,55.6,55.1,51.5,41.4,43.9,…
     Short-term debt,1.5,0,1,4.4,–,12.5,16,18,8,5,6,8,75,–,3.4,–,0.1,3,4.3,27.8,1.5,2.9,…
     Use of IMF credit,7.8,7.5,8.1,8.9,9.3,8.6,9,9.5,9.2,9.4,9.2,9.2,9.2,9.2,8.7,8.3,8.1,8.5,8.3,8.3,8.6,35.7,…
,,,,,,,,,,,,,,,,,,,,,,,
               External debt (% of GNI),49.9,59.1,75.3,83.6,90.2,83.6,82.8,69.5,58.1,66.5,64,64.4,88.4,93.6,103.9,108.1,116,116.6,114.6,117.2,139.8,…,…
               Total long-term debt (% of total debt),95.6,97.2,97.6,97.3,98.5,96.8,96.5,96.6,97.5,98.2,98.4,98.4,94.2,99.4,99.3,99.6,99.6,99.6,99.5,98.7,99.7,98.7,…
               Short-term debt (% of total debt),0.7,0,0.3,0.9,–,1.9,2.2,2.2,1.2,0.6,0.6,0.7,5.2,–,0.2,–,0,0.1,0.2,1,0,0.1,…
               Debt service (% of exports of goods and services),…,…,…,…,…,…,2.8,4.8,11.9,12.7,14.4,11.2,18.7,11.8,12.2,17.2,16.6,11.1,10.6,7.6,7.1,15.5,…
,,,,,,,,,,,,,,,,,,,,,,,
Debt service transactions during the year ($ million),,,,,,,,,,,,,,,,,,,,,,,
     Principal repayments on long-term debt,4.7,4.5,4.5,4.8,6.7,4.6,5.9,23.9,43.5,41.1,46.6,45.5,76.8,40.8,42.3,91.7,75.4,46.3,51.3,28.4,37.2,73.1,189.6
     Interest on long-term debt,1.8,1.7,1.9,2.3,5.2,2,3.4,6.9,38,34.4,40.7,39.8,61.8,40.2,40.6,37.2,35.2,36.1,35.8,32.2,20.6,45.3,88.9
     Interest on short-term debt,0.2,0,0,0.1,0.1,0.2,1,1,…,…,0.1,0.1,1.1,…,0,…,0,0.1,0.2,0.8,0,0,…
,,,,,,,,,,,,,,,,,,,,,,,
Average terms of new commitments,,,,,,,,,,,,,,,,,,,,,,,
     Interest rate (% per annum),3.6,1.1,6.8,5.6,8.9,0.8,1.4,9.7,0.8,4,9.9,0.5,3.3,3.3,2.1,4.2,1.4,2,3.7,4.2,7.7,2.8,…
     Maturity (years),32.1,31.5,23.1,28.5,21.7,28.6,32,33.7,38.9,19.7,28.2,31.3,19.1,18.7,26.6,27.4,31.9,24.4,33.3,27.8,29.1,31.6,…
     Grace period (years),10.5,8.8,8.8,9,8.3,7.1,8.5,18.4,9.4,5.8,12.5,9.6,8,8.9,6.8,6.8,8.4,4.9,10.3,8.9,10.4,10,…
     Grant element (%),18.2,46.7,-17.4,-0.7,-39.3,42.7,43.6,-67.2,56.3,11.9,-62.2,54.1,18.2,19.9,32.8,7.4,43.5,29.2,16,7.2,-33.5,26.6,…
